{
  "transport_assets": {
    "mean": 1.1939665089322072e-17,
    "std": 0.5189528948469084,
    "median": -0.3699597109070538,
    "min": -0.3699597109070538,
    "max": 4.236738377536528
  },
  "household_durables": {
    "mean": 1.1276350362137512e-17,
    "std": 0.5251748624681657,
    "median": 0.06595123154199231,
    "min": -0.7602812209680987,
    "max": 2.1171122208217916
  },
  "connectivity": {
    "mean": -4.2452142539811814e-17,
    "std": 0.8058983160538405,
    "median": 0.5129910857132866,
    "min": -1.2167061449021517,
    "max": 2.3570459006446325
  },
  "utilities_access": {
    "mean": -1.0082383853205306e-16,
    "std": 0.5742132642083433,
    "median": 0.1061190667631887,
    "min": -1.6875854302069397,
    "max": 1.3359404687128529
  },
  "housing": {
    "mean": 6.367821380971771e-17,
    "std": 0.653437253354621,
    "median": -0.029764591083992264,
    "min": -1.5170129220497517,
    "max": 1.4325848069375093
  },
  "social_protection": {
    "mean": 8.225102617088538e-17,
    "std": 0.6680872410809076,
    "median": 0.008373975925206873,
    "min": -0.6642312246542563,
    "max": 2.423449881205029
  }
}