{
  "indices": {
    "transport_assets": {
      "items": {
        "D1.1:A_BIKE": {
          "weight": 0.1140215450310593,
          "mean": 0.20911127707244212,
          "std": 0.40682595304201924,
          "keywords": [
            "bike",
            "bicycle"
          ],
          "quantity": false
        },
        "D1.1-A_QTY": {
          "weight": 0.18689358311760085,
          "mean": 0.20985810306198655,
          "std": 0.40918990390597526,
          "keywords": [
            "bike",
            "bicycle"
          ],
          "quantity": true
        },
        "D1.2:A_MOTORC": {
          "weight": 0.1224951394244761,
          "mean": 0.30694548170276326,
          "std": 0.46139889895973835,
          "keywords": [
            "motorcycle",
            "motorbike",
            "motor"
          ],
          "quantity": false
        },
        "D1.2-A_QTY": {
          "weight": 0.05380437467384253,
          "mean": 0.30694548170276326,
          "std": 0.46139889895973835,
          "keywords": [
            "motorcycle",
            "motorbike",
            "motor"
          ],
          "quantity": true
        },
        "D1.3:A_TRICYCLE": {
          "weight": 0.11702674286252326,
          "mean": 0.07318894697535475,
          "std": 0.26054370424352635,
          "keywords": [
            "tricycle",
            "trike"
          ],
          "quantity": false
        },
        "D1.3-A_QTY": {
          "weight": 0.09394757036010204,
          "mean": 0.07318894697535475,
          "std": 0.26054370424352635,
          "keywords": [
            "tricycle",
            "trike"
          ],
          "quantity": true
        },
        "D1.4:A_CAR": {
          "weight": 0.025058071241027078,
          "mean": 0.009708737864077669,
          "std": 0.09809008095566356,
          "keywords": [
            "car",
            "automobile",
            "sedan"
          ],
          "quantity": false
        },
        "D1.4-A_QTY": {
          "weight": 0.014303271541069617,
          "mean": 0.009708737864077669,
          "std": 0.09809008095566356,
          "keywords": [
            "car",
            "automobile",
            "sedan"
          ],
          "quantity": true
        },
        "D1.5:A_JEEP": {
          "weight": 0.0261901981271217,
          "mean": 0.00597460791635549,
          "std": 0.0770931295597297,
          "keywords": [
            "jeep",
            "jeepney"
          ],
          "quantity": false
        },
        "D1.5-A_QTY": {
          "weight": 0.014726870244823855,
          "mean": 0.006721433905899925,
          "std": 0.0817388889102012,
          "keywords": [
            "jeep",
            "jeepney"
          ],
          "quantity": true
        },
        "D1.6:A_TRUCK": {
          "weight": 0.0055294289533906835,
          "mean": 0.004480955937266617,
          "std": 0.06681475106533415,
          "keywords": [
            "truck",
            "lorry"
          ],
          "quantity": false
        },
        "D1.6-A_QTY": {
          "weight": 0.006023204488577307,
          "mean": 0.005227781926811053,
          "std": 0.07214110450034286,
          "keywords": [
            "truck",
            "lorry"
          ],
          "quantity": true
        },
        "D1.7:A_OTHERS": {
          "weight": 0.024019322820359356,
          "mean": 0.020164301717699777,
          "std": 0.1406146124975961,
          "keywords": [
            "othervehicle",
            "othertransport"
          ],
          "quantity": false
        },
        "D1.7-A_QTY": {
          "weight": 0.1959606771140264,
          "mean": 0.019417475728155338,
          "std": 0.1380386463484086,
          "keywords": [
            "othervehicle",
            "othertransport"
          ],
          "quantity": true
        }
      }
    },
    "household_durables": {
      "items": {
        "D2.1:A_TV": {
          "weight": 0.05123489861712473,
          "mean": 0.5802837938760269,
          "std": 0.49369681103331,
          "keywords": [
            "tv",
            "television"
          ],
          "quantity": false
        },
        "D2.1-A_QTY": {
          "weight": 0.18243946293332405,
          "mean": 0.5847647498132935,
          "std": 0.4944604954258376,
          "keywords": [
            "tv",
            "television"
          ],
          "quantity": true
        },
        "D2.2:A_DVD": {
          "weight": 0.049186845296155364,
          "mean": 0.128454070201643,
          "std": 0.33471972516351745,
          "keywords": [
            "dvd"
          ],
          "quantity": false
        },
        "D2.2-A_QTY": {
          "weight": 0.06440342640207494,
          "mean": 0.12920089619118746,
          "std": 0.33776749346325774,
          "keywords": [
            "dvd"
          ],
          "quantity": true
        },
        "D2.3:A_WASH-M": {
          "weight": 0.0471269959443048,
          "mean": 0.29424943988050783,
          "std": 0.45587488833774403,
          "keywords": [
            "washingmachine",
            "washer"
          ],
          "quantity": false
        },
        "D2.3-A_QTY": {
          "weight": 0.0347015760617755,
          "mean": 0.2949962658700523,
          "std": 0.4578467793696598,
          "keywords": [
            "washingmachine",
            "washer"
          ],
          "quantity": true
        },
        "D2.4:A_AC": {
          "weight": 0.022767050130108404,
          "mean": 0.05227781926811053,
          "std": 0.22266988551602387,
          "keywords": [
            "ac",
            "aircon",
            "airconditioner",
            "airconditioning"
          ],
          "quantity": false
        },
        "D2.4-A_QTY": {
          "weight": 0.06504338970864068,
          "mean": 0.05825242718446602,
          "std": 0.23430766679771295,
          "keywords": [
            "ac",
            "aircon",
            "airconditioner",
            "airconditioning"
          ],
          "quantity": true
        },
        "D2.5:A_E-FAN": {
          "weight": 0.05000030849142035,
          "mean": 0.7064973861090366,
          "std": 0.45553683301553144,
          "keywords": [
            "fan",
            "electricfan"
          ],
          "quantity": false
        },
        "D2.5-A_QTY": {
          "weight": 0.11259799675986408,
          "mean": 0.7102315160567588,
          "std": 0.4619852431575958,
          "keywords": [
            "fan",
            "electricfan"
          ],
          "quantity": true
        },
        "D2.6:A_FRIDGE": {
          "weight": 0.0052949712557656976,
          "mean": 0.2337565347274085,
          "std": 0.42337723660710797,
          "keywords": [
            "fridge",
            "refrigerator",
            "ref"
          ],
          "quantity": false
        },
        "D2.6-A_QTY": {
          "weight": 0.001986531212661676,
          "mean": 0.2337565347274085,
          "std": 0.42337723660710797,
          "keywords": [
            "fridge",
            "refrigerator",
            "ref"
          ],
          "quantity": true
        },
        "D2.7:A_STOVE": {
          "weight": 0.029858351071301973,
          "mean": 0.25392083644510827,
          "std": 0.43541547226675914,
          "keywords": [
            "stove",
            "cooker",
            "gasrange"
          ],
          "quantity": false
        },
        "D2.7-A_QTY": {
          "weight": 0.04055598364147136,
          "mean": 0.25392083644510827,
          "std": 0.43541547226675914,
          "keywords": [
            "stove",
            "cooker",
            "gasrange"
          ],
          "quantity": true
        },
        "D2.8:A_E-HEATER": {
          "weight": 0.04366107939945352,
          "mean": 0.08065720687079911,
          "std": 0.27240969439040297,
          "keywords": [
            "heater",
            "waterheater"
          ],